{"stats":{"minecraft:custom":{"minecraft:jump":45,"minecraft:time_since_rest":3726,"minecraft:damage_dealt":15,"minecraft:sprint_one_cm":6529,"minecraft:crouch_one_cm":263,"minecraft:play_time":3726,"minecraft:damage_taken":110,"minecraft:time_since_death":3726,"minecraft:walk_one_cm":14041,"minecraft:sneak_time":89,"minecraft:total_world_time":3726,"minecraft:boat_one_cm":18016,"minecraft:interact_with_crafting_table":5,"minecraft:fall_one_cm":3596,"minecraft:fly_one_cm":8535},"minecraft:picked_up":{"minecraft:spruce_log":2},"minecraft:mined":{"minecraft:fire":1,"minecraft:spruce_log":2,"minecraft:spruce_leaves":3},"minecraft:crafted":{"minecraft:crafting_table":1,"minecraft:spruce_planks":8}},"DataVersion":3465}