{"stats":{"minecraft:custom":{"minecraft:time_since_rest":6304,"minecraft:waystone_activated":2,"minecraft:interact_with_furnace":3,"minecraft:sprint_one_cm":68637,"minecraft:damage_taken":705,"minecraft:walk_one_cm":104508,"minecraft:drop":12,"minecraft:damage_dealt":15,"minecraft:swim_one_cm":14770,"minecraft:interact_with_crafting_table":6,"minecraft:fly_one_cm":77014,"minecraft:open_chest":1,"minecraft:crouch_one_cm":2997,"minecraft:play_time":39726,"minecraft:deaths":1,"minecraft:interact_with_campfire":6,"minecraft:sneak_time":1870,"minecraft:walk_under_water_one_cm":4671,"minecraft:boat_one_cm":88439,"minecraft:jump":501,"minecraft:time_since_death":28319,"minecraft:walk_on_water_one_cm":7711,"minecraft:sleep_in_bed":1,"minecraft:total_world_time":39726,"minecraft:fall_one_cm":15144},"minecraft:picked_up":{"minecraft:cooked_beef":2,"minecraft:cooked_porkchop":1,"minecraft:dried_kelp":8,"minecraft:spruce_log":8,"minecraft:rabbit_foot":1,"minecraft:kelp":227,"waystones:waystone":1,"minecraft:hay_block":13,"minecraft:beef":2,"minecraft:netherrack":5,"minecraft:coal":11,"minecraft:cobblestone":2},"minecraft:mined":{"minecraft:fire":1,"minecraft:spruce_log":8,"minecraft:powder_snow":13,"minecraft:grass":1,"minecraft:coal_ore":12,"minecraft:spruce_leaves":10,"minecraft:stone":2,"minecraft:netherrack":5},"minecraft:dropped":{"minecraft:bread":6,"minecraft:cooked_beef":1,"minecraft:netherrack":5},"minecraft:killed_by":{"minecraft:creeper":1},"minecraft:crafted":{"minecraft:crafting_table":1,"minecraft:spruce_planks":8,"minecraft:dried_kelp":1,"minecraft:bread":38,"minecraft:air":0,"minecraft:wheat":117},"minecraft:used":{"waystones:waystone":1,"minecraft:bread":3,"minecraft:dried_kelp":9,"minecraft:cooked_porkchop":1,"alexsmobs:animal_dictionary":1,"minecraft:cooked_beef":1,"minecraft:golden_pickaxe":20}},"DataVersion":3465}