{"stats":{"minecraft:custom":{"minecraft:time_since_rest":18304,"minecraft:waystone_activated":3,"minecraft:interact_with_furnace":3,"minecraft:sprint_one_cm":120443,"minecraft:damage_taken":930,"minecraft:walk_one_cm":136816,"minecraft:mob_kills":3,"minecraft:drop":16,"minecraft:damage_dealt":290,"minecraft:swim_one_cm":14770,"minecraft:interact_with_crafting_table":8,"minecraft:fly_one_cm":122512,"minecraft:open_chest":1,"minecraft:crouch_one_cm":4563,"minecraft:play_time":51726,"minecraft:deaths":1,"minecraft:interact_with_campfire":6,"minecraft:bell_ring":13,"minecraft:sneak_time":3375,"minecraft:walk_under_water_one_cm":4671,"minecraft:boat_one_cm":88439,"minecraft:jump":716,"minecraft:time_since_death":40319,"minecraft:walk_on_water_one_cm":8145,"minecraft:sleep_in_bed":1,"minecraft:total_world_time":51726,"minecraft:fall_one_cm":22620},"minecraft:picked_up":{"minecraft:allium":7,"minecraft:crafting_table":1,"minecraft:feather":3,"minecraft:cooked_beef":2,"minecraft:chicken":2,"minecraft:cooked_porkchop":1,"minecraft:porkchop":16,"minecraft:dried_kelp":8,"minecraft:ink_sac":11,"minecraft:spruce_log":8,"minecraft:carrot":2,"minecraft:rabbit_foot":1,"minecraft:kelp":227,"farmersdelight:onion":5,"waystones:waystone":1,"minecraft:hay_block":13,"minecraft:beef":8,"minecraft:bread":4,"minecraft:oak_sapling":1,"minecraft:mutton":6,"minecraft:netherrack":5,"minecraft:coal":11,"minecraft:cobblestone":2,"minecraft:egg":2},"minecraft:killed":{"minecraft:pig":1,"minecraft:chicken":2},"minecraft:mined":{"farmersdelight:wild_onions":5,"minecraft:fire":1,"farmersdelight:wild_carrots":2,"minecraft:spruce_log":8,"minecraft:powder_snow":13,"minecraft:crafting_table":1,"minecraft:grass":6,"minecraft:coal_ore":12,"minecraft:tall_grass":2,"minecraft:oxeye_daisy":1,"minecraft:spruce_leaves":10,"minecraft:stone":2,"minecraft:netherrack":5},"minecraft:dropped":{"minecraft:bread":6,"minecraft:cooked_beef":1,"minecraft:carrot":2,"minecraft:netherrack":5,"minecraft:egg":2},"minecraft:killed_by":{"minecraft:creeper":1},"minecraft:crafted":{"minecraft:crafting_table":2,"minecraft:stick":4,"minecraft:spruce_planks":32,"minecraft:dried_kelp":1,"minecraft:wooden_axe":1,"minecraft:bread":38,"minecraft:air":0,"minecraft:wheat":117},"minecraft:used":{"waystones:waystone":1,"minecraft:wooden_axe":10,"minecraft:bread":8,"minecraft:dried_kelp":9,"minecraft:crafting_table":1,"minecraft:cooked_porkchop":1,"alexsmobs:animal_dictionary":1,"minecraft:cooked_beef":1,"minecraft:golden_pickaxe":20}},"DataVersion":3465}