{"stats":{"minecraft:killed":{"minecraft:pig":2,"alexsmobs:catfish":4,"minecraft:zombie":2,"alexsmobs:terrapin":1,"minecraft:chicken":2,"minecraft:cow":4},"minecraft:mined":{"farmersdelight:onions":3,"farmersdelight:wild_carrots":3,"minecraft:cornflower":2,"minecraft:dandelion":18,"minecraft:powder_snow":13,"minecraft:crafting_table":3,"minecraft:torch":1,"minecraft:grass_block":194,"minecraft:poppy":2,"minecraft:tall_grass":33,"minecraft:spruce_leaves":10,"minecraft:oxeye_daisy":1,"minecraft:seagrass":3,"minecraft:tall_seagrass":2,"farmersdelight:wild_onions":5,"minecraft:fire":1,"minecraft:spruce_log":8,"minecraft:grass":329,"minecraft:oak_log":27,"minecraft:coal_ore":15,"minecraft:dirt":5,"minecraft:stone":36,"minecraft:netherrack":5,"minecraft:oak_leaves":5},"minecraft:custom":{"minecraft:interact_with_furnace":34,"minecraft:mob_kills":16,"minecraft:interact_with_crafting_table":21,"minecraft:interact_with_campfire":7,"minecraft:bell_ring":13,"minecraft:leave_game":2,"minecraft:time_since_death":131874,"minecraft:sleep_in_bed":9,"minecraft:time_since_rest":13287,"minecraft:waystone_activated":3,"minecraft:sprint_one_cm":270380,"minecraft:damage_taken":1635,"minecraft:walk_one_cm":337856,"minecraft:drop":48,"minecraft:damage_dealt":1965,"minecraft:swim_one_cm":20934,"minecraft:talked_to_villager":1,"minecraft:fly_one_cm":240440,"minecraft:open_chest":25,"minecraft:crouch_one_cm":13565,"minecraft:play_time":143281,"minecraft:deaths":1,"minecraft:sneak_time":9037,"minecraft:walk_under_water_one_cm":19583,"minecraft:boat_one_cm":88439,"minecraft:jump":1447,"minecraft:walk_on_water_one_cm":22191,"minecraft:total_world_time":143281,"minecraft:interact_with_smoker":3,"minecraft:fall_one_cm":40083},"minecraft:used":{"farmersdelight:iron_knife":4,"minecraft:cooked_mutton":1,"farmersdelight:skillet":1,"minecraft:stone_shovel":488,"minecraft:stone_pickaxe":8,"minecraft:dried_kelp":9,"minecraft:chest":4,"minecraft:wooden_pickaxe":39,"minecraft:torch":1,"minecraft:dirt":40,"farmersdelight:onion":6,"minecraft:crafting_table":4,"minecraft:carrot":1,"waystones:waystone":1,"minecraft:wooden_axe":47,"minecraft:bread":13,"farmersdelight:cooked_chicken_cuts":1,"minecraft:stone_axe":39,"minecraft:cooked_porkchop":2,"farmersdelight:cooked_mutton_chops":6,"alexsmobs:animal_dictionary":1,"minecraft:cooked_beef":4,"minecraft:golden_pickaxe":20},"minecraft:killed_by":{"minecraft:creeper":1},"minecraft:crafted":{"minecraft:cooked_beef":6,"minecraft:oak_planks":96,"minecraft:stone_shovel":3,"minecraft:cooked_porkchop":16,"minecraft:crafting_table":4,"minecraft:spruce_planks":32,"minecraft:dried_kelp":1,"minecraft:wooden_pickaxe":1,"minecraft:cooked_chicken":2,"farmersdelight:smoked_ham":1,"minecraft:stone_axe":1,"minecraft:bread":38,"minecraft:cooked_mutton":6,"minecraft:air":0,"minecraft:stick":16,"minecraft:stone_pickaxe":1,"minecraft:wooden_axe":1,"minecraft:chest":4,"minecraft:wheat":117},"minecraft:broken":{"minecraft:wooden_axe":1,"minecraft:stone_shovel":1},"minecraft:dropped":{"minecraft:iron_ingot":3,"minecraft:bread":9,"minecraft:cooked_beef":4,"farmersdelight:skillet":1,"minecraft:cooked_porkchop":7,"minecraft:lead":2,"farmersdelight:tree_bark":1,"farmersdelight:smoked_ham":1,"minecraft:cooked_mutton":3,"minecraft:carrot":2,"mcwbridges:oak_log_bridge_middle":1,"farmersdelight:cooked_chicken_cuts":2,"alexsmobs:cooked_catfish":3,"farmersdelight:cooked_mutton_chops":1,"farmersdelight:ham":1,"minecraft:netherrack":5,"minecraft:egg":2},"minecraft:picked_up":{"minecraft:charcoal":2,"minecraft:crafting_table":2,"minecraft:wheat":6,"minecraft:allium":7,"minecraft:feather":3,"minecraft:cooked_beef":4,"minecraft:chicken":2,"minecraft:clay_ball":20,"minecraft:leather":10,"minecraft:lead":4,"minecraft:oak_log":32,"minecraft:cornflower":2,"alexsmobs:cooked_catfish":5,"farmersdelight:skillet":2,"farmersdelight:flint_knife":1,"minecraft:dirt":171,"minecraft:cooked_mutton":2,"farmersdelight:iron_knife":1,"minecraft:kelp":227,"minecraft:wheat_seeds":43,"mcwbridges:oak_log_bridge_middle":2,"minecraft:iron_ingot":3,"minecraft:beef":14,"minecraft:poppy":2,"minecraft:egg":2,"minecraft:cooked_porkchop":4,"minecraft:torch":1,"minecraft:dandelion":17,"minecraft:porkchop":19,"minecraft:dried_kelp":8,"minecraft:stripped_spruce_log":1,"minecraft:ink_sac":11,"minecraft:spruce_log":8,"minecraft:carrot":5,"farmersdelight:ham":2,"farmersdelight:cooked_mutton_chops":8,"minecraft:rabbit_foot":1,"alexsmobs:raw_catfish":8,"minecraft:rotten_flesh":2,"farmersdelight:cooked_chicken_cuts":4,"farmersdelight:tree_bark":1,"farmersdelight:onion":17,"waystones:waystone":1,"minecraft:hay_block":13,"minecraft:bone_meal":2,"minecraft:bread":4,"minecraft:oak_sapling":1,"minecraft:netherrack":5,"minecraft:mutton":6,"minecraft:coal":53,"minecraft:cobblestone":31,"minecraft:ender_pearl":1}},"DataVersion":3465}