{"stats":{"minecraft:custom":{"minecraft:open_chest":1,"minecraft:time_since_rest":4490,"minecraft:crouch_one_cm":1550,"minecraft:deaths":1,"minecraft:play_time":15726,"minecraft:sprint_one_cm":32099,"minecraft:damage_taken":395,"minecraft:walk_one_cm":48201,"minecraft:sneak_time":1008,"minecraft:walk_under_water_one_cm":1309,"minecraft:drop":5,"minecraft:boat_one_cm":88439,"minecraft:jump":257,"minecraft:damage_dealt":15,"minecraft:walk_on_water_one_cm":4920,"minecraft:time_since_death":4319,"minecraft:total_world_time":15726,"minecraft:fall_one_cm":10758,"minecraft:interact_with_crafting_table":5,"minecraft:fly_one_cm":37809},"minecraft:picked_up":{"minecraft:spruce_log":8,"minecraft:netherrack":5,"minecraft:coal":11,"minecraft:rabbit_foot":1,"minecraft:cobblestone":2},"minecraft:mined":{"minecraft:coal_ore":12,"minecraft:fire":1,"minecraft:spruce_leaves":6,"minecraft:spruce_log":8,"minecraft:stone":2,"minecraft:netherrack":5,"minecraft:powder_snow":7},"minecraft:dropped":{"minecraft:netherrack":5},"minecraft:killed_by":{"minecraft:creeper":1},"minecraft:crafted":{"minecraft:crafting_table":1,"minecraft:spruce_planks":8},"minecraft:used":{"alexsmobs:animal_dictionary":1,"minecraft:golden_pickaxe":20}},"DataVersion":3465}