{"stats":{"minecraft:custom":{"minecraft:time_since_rest":16490,"minecraft:interact_with_furnace":3,"minecraft:sprint_one_cm":49231,"minecraft:damage_taken":525,"minecraft:walk_one_cm":82995,"minecraft:drop":6,"minecraft:damage_dealt":15,"minecraft:swim_one_cm":8022,"minecraft:interact_with_crafting_table":5,"minecraft:fly_one_cm":51638,"minecraft:open_chest":1,"minecraft:crouch_one_cm":1647,"minecraft:play_time":27726,"minecraft:deaths":1,"minecraft:interact_with_campfire":6,"minecraft:sneak_time":1055,"minecraft:walk_under_water_one_cm":4151,"minecraft:boat_one_cm":88439,"minecraft:jump":367,"minecraft:time_since_death":16319,"minecraft:walk_on_water_one_cm":7539,"minecraft:total_world_time":27726,"minecraft:fall_one_cm":12964},"minecraft:picked_up":{"minecraft:cooked_beef":2,"minecraft:cooked_porkchop":1,"minecraft:dried_kelp":4,"minecraft:spruce_log":8,"minecraft:rabbit_foot":1,"minecraft:kelp":138,"minecraft:beef":2,"minecraft:netherrack":5,"minecraft:coal":11,"minecraft:cobblestone":2},"minecraft:mined":{"minecraft:fire":1,"minecraft:spruce_log":8,"minecraft:powder_snow":13,"minecraft:coal_ore":12,"minecraft:spruce_leaves":10,"minecraft:stone":2,"minecraft:netherrack":5},"minecraft:dropped":{"minecraft:cooked_beef":1,"minecraft:netherrack":5},"minecraft:killed_by":{"minecraft:creeper":1},"minecraft:crafted":{"minecraft:crafting_table":1,"minecraft:spruce_planks":8,"minecraft:dried_kelp":1,"minecraft:air":0},"minecraft:used":{"minecraft:dried_kelp":4,"minecraft:cooked_porkchop":1,"alexsmobs:animal_dictionary":1,"minecraft:cooked_beef":1,"minecraft:golden_pickaxe":20}},"DataVersion":3465}