{"stats":{"minecraft:custom":{"minecraft:interact_with_furnace":32,"minecraft:mob_kills":9,"minecraft:interact_with_crafting_table":15,"minecraft:interact_with_campfire":7,"minecraft:bell_ring":13,"minecraft:leave_game":1,"minecraft:time_since_death":82647,"minecraft:sleep_in_bed":5,"minecraft:time_since_rest":901,"minecraft:waystone_activated":3,"minecraft:sprint_one_cm":177568,"minecraft:damage_taken":1125,"minecraft:walk_one_cm":202935,"minecraft:drop":38,"minecraft:damage_dealt":981,"minecraft:swim_one_cm":14770,"minecraft:talked_to_villager":1,"minecraft:fly_one_cm":181172,"minecraft:open_chest":10,"minecraft:crouch_one_cm":8818,"minecraft:play_time":94054,"minecraft:deaths":1,"minecraft:sneak_time":6205,"minecraft:walk_under_water_one_cm":5453,"minecraft:boat_one_cm":88439,"minecraft:jump":1040,"minecraft:walk_on_water_one_cm":11813,"minecraft:interact_with_smoker":2,"minecraft:total_world_time":94054,"minecraft:fall_one_cm":28249},"minecraft:picked_up":{"minecraft:charcoal":2,"minecraft:crafting_table":2,"minecraft:wheat":6,"minecraft:allium":7,"minecraft:feather":3,"minecraft:cooked_beef":3,"minecraft:chicken":2,"minecraft:clay_ball":20,"minecraft:leather":10,"minecraft:oak_log":32,"farmersdelight:skillet":2,"farmersdelight:flint_knife":1,"minecraft:dirt":1,"minecraft:cooked_mutton":2,"farmersdelight:iron_knife":1,"minecraft:kelp":227,"minecraft:iron_ingot":3,"minecraft:beef":13,"minecraft:egg":2,"minecraft:cooked_porkchop":4,"minecraft:porkchop":19,"minecraft:dried_kelp":8,"minecraft:stripped_spruce_log":1,"minecraft:ink_sac":11,"minecraft:carrot":4,"minecraft:spruce_log":8,"farmersdelight:ham":2,"farmersdelight:cooked_mutton_chops":8,"minecraft:rabbit_foot":1,"minecraft:rotten_flesh":2,"farmersdelight:cooked_chicken_cuts":4,"farmersdelight:onion":5,"farmersdelight:tree_bark":1,"waystones:waystone":1,"minecraft:hay_block":13,"minecraft:bone_meal":2,"minecraft:bread":4,"minecraft:oak_sapling":1,"minecraft:netherrack":5,"minecraft:mutton":6,"minecraft:coal":53,"minecraft:cobblestone":31},"minecraft:killed":{"minecraft:pig":2,"minecraft:zombie":1,"minecraft:chicken":2,"minecraft:cow":3},"minecraft:mined":{"farmersdelight:wild_carrots":2,"minecraft:powder_snow":13,"minecraft:crafting_table":3,"minecraft:tall_grass":2,"minecraft:spruce_leaves":10,"minecraft:oxeye_daisy":1,"farmersdelight:wild_onions":5,"minecraft:fire":1,"minecraft:spruce_log":8,"minecraft:grass":9,"minecraft:oak_log":27,"minecraft:coal_ore":15,"minecraft:dirt":1,"minecraft:stone":36,"minecraft:netherrack":5,"minecraft:oak_leaves":5},"minecraft:dropped":{"minecraft:iron_ingot":3,"minecraft:bread":7,"minecraft:cooked_beef":2,"farmersdelight:skillet":1,"minecraft:cooked_porkchop":7,"farmersdelight:tree_bark":1,"farmersdelight:smoked_ham":1,"minecraft:cooked_mutton":3,"minecraft:carrot":2,"farmersdelight:cooked_chicken_cuts":2,"farmersdelight:cooked_mutton_chops":1,"farmersdelight:ham":1,"minecraft:netherrack":5,"minecraft:egg":2},"minecraft:killed_by":{"minecraft:creeper":1},"minecraft:crafted":{"minecraft:cooked_beef":6,"minecraft:oak_planks":64,"minecraft:cooked_porkchop":16,"minecraft:crafting_table":3,"minecraft:spruce_planks":32,"minecraft:wooden_pickaxe":1,"minecraft:dried_kelp":1,"minecraft:cooked_chicken":2,"farmersdelight:smoked_ham":1,"minecraft:stone_axe":1,"minecraft:bread":38,"minecraft:cooked_mutton":6,"minecraft:air":0,"minecraft:stick":8,"minecraft:wooden_axe":1,"minecraft:chest":1,"minecraft:wheat":117},"minecraft:broken":{"minecraft:wooden_axe":1},"minecraft:used":{"farmersdelight:iron_knife":4,"minecraft:cooked_mutton":1,"farmersdelight:skillet":1,"minecraft:dried_kelp":9,"minecraft:chest":1,"minecraft:wooden_pickaxe":39,"minecraft:crafting_table":3,"minecraft:carrot":1,"waystones:waystone":1,"minecraft:wooden_axe":47,"minecraft:bread":8,"farmersdelight:cooked_chicken_cuts":1,"minecraft:stone_axe":12,"minecraft:cooked_porkchop":1,"farmersdelight:cooked_mutton_chops":6,"alexsmobs:animal_dictionary":1,"minecraft:cooked_beef":1,"minecraft:golden_pickaxe":20}},"DataVersion":3465}