{"stats":{"minecraft:custom":{"minecraft:time_since_rest":10193,"minecraft:crouch_one_cm":22,"minecraft:sprint_one_cm":31906,"minecraft:play_time":10193,"minecraft:damage_taken":65,"minecraft:walk_one_cm":44882,"minecraft:sneak_time":28,"minecraft:boat_one_cm":20,"minecraft:jump":244,"minecraft:leave_game":4,"minecraft:time_since_death":10193,"minecraft:total_world_time":10193,"minecraft:interact_with_crafting_table":1,"minecraft:fall_one_cm":6433,"minecraft:fly_one_cm":47086},"minecraft:picked_up":{"minecraft:rabbit_hide":2,"minecraft:rabbit":1,"minecraft:spruce_log":8,"minecraft:dirt":2},"minecraft:mined":{"minecraft:grass":5,"minecraft:grass_block":2,"minecraft:spruce_leaves":1,"minecraft:spruce_log":9,"minecraft:powder_snow":19},"minecraft:crafted":{"minecraft:spruce_boat":1,"minecraft:crafting_table":1,"minecraft:spruce_planks":32,"minecraft:stick":4},"minecraft:used":{"minecraft:spruce_boat":1,"minecraft:dirt":2,"minecraft:crafting_table":1,"minecraft:rabbit":1,"minecraft:spruce_planks":8}},"DataVersion":3465}