{"stats":{"minecraft:custom":{"minecraft:interact_with_furnace":7,"minecraft:mob_kills":26,"minecraft:interact_with_crafting_table":12,"minecraft:interact_with_campfire":4,"minecraft:leave_game":4,"minecraft:time_since_death":4745,"minecraft:sleep_in_bed":1,"minecraft:time_since_rest":4781,"minecraft:waystone_activated":3,"minecraft:sprint_one_cm":170212,"minecraft:damage_taken":971,"minecraft:walk_one_cm":157489,"minecraft:drop":18,"minecraft:damage_dealt":3264,"minecraft:swim_one_cm":28663,"minecraft:fly_one_cm":259129,"minecraft:open_chest":1,"minecraft:crouch_one_cm":548,"minecraft:play_time":58193,"minecraft:deaths":2,"minecraft:sneak_time":340,"minecraft:walk_under_water_one_cm":11687,"minecraft:boat_one_cm":113817,"minecraft:jump":1197,"minecraft:walk_on_water_one_cm":15776,"minecraft:total_world_time":58193,"minecraft:fall_one_cm":25997},"minecraft:picked_up":{"minecraft:charcoal":4,"minecraft:crafting_table":2,"minecraft:wheat":12,"minecraft:feather":2,"minecraft:cooked_beef":1,"minecraft:leather":8,"minecraft:wooden_pickaxe":1,"minecraft:oak_stairs":2,"minecraft:oak_log":12,"minecraft:yellow_bed":1,"minecraft:dirt":24,"minecraft:kelp":99,"minecraft:wheat_seeds":11,"minecraft:spruce_planks":2,"minecraft:rabbit_hide":2,"minecraft:beef":14,"minecraft:stone_pickaxe":1,"minecraft:rabbit":2,"minecraft:sugar_cane":2,"minecraft:stone_hoe":1,"minecraft:oak_planks":2,"minecraft:egg":2,"minecraft:furnace":3,"minecraft:stick":4,"minecraft:porkchop":29,"minecraft:dried_kelp":4,"minecraft:ink_sac":11,"minecraft:carrot":4,"minecraft:spruce_log":61,"minecraft:rabbit_foot":1,"alexsmobs:animal_dictionary":1,"minecraft:stone_shovel":1,"minecraft:rotten_flesh":8,"minecraft:stone_axe":1,"minecraft:spruce_boat":4,"waystones:waystone":1,"minecraft:hay_block":14,"minecraft:bread":10,"minecraft:netherrack":1,"minecraft:mutton":12,"minecraft:coal":66,"minecraft:white_wool":8,"minecraft:cobblestone":51,"minecraft:oxeye_daisy":1},"minecraft:killed":{"minecraft:pig":7,"minecraft:rabbit":1,"minecraft:sheep":4,"minecraft:skeleton":1,"minecraft:zombie":6,"alexsmobs:crow":1,"minecraft:drowned":1,"alexsmobs:skelewag":1,"minecraft:cow":4},"minecraft:mined":{"minecraft:kelp_plant":59,"minecraft:powder_snow":41,"minecraft:crafting_table":2,"minecraft:grass_block":7,"minecraft:campfire":1,"minecraft:spruce_leaves":6,"minecraft:sugar_cane":2,"minecraft:oak_planks":1,"minecraft:kelp":5,"minecraft:large_fern":1,"minecraft:hay_block":14,"minecraft:furnace":1,"minecraft:ice":8,"minecraft:spruce_log":41,"minecraft:yellow_bed":1,"minecraft:grass":30,"minecraft:oak_log":5,"minecraft:coal_ore":32,"minecraft:oak_stairs":2,"minecraft:dirt":7,"minecraft:stone":43},"minecraft:dropped":{"minecraft:bread":4,"minecraft:kelp":89,"minecraft:porkchop":13,"minecraft:cooked_porkchop":1,"minecraft:rabbit_foot":1,"minecraft:hay_block":13,"minecraft:ink_sac":11,"minecraft:mutton":6,"minecraft:dried_kelp":4,"minecraft:oak_stairs":2,"waystones:waystone":1,"minecraft:beef":8,"minecraft:netherrack":1,"minecraft:egg":1},"minecraft:killed_by":{"minecraft:zombie":1,"alexsmobs:cachalot_whale":1},"minecraft:crafted":{"minecraft:stone_shovel":1,"minecraft:cooked_porkchop":3,"minecraft:crafting_table":4,"minecraft:spruce_planks":76,"minecraft:dried_kelp":5,"minecraft:wooden_pickaxe":1,"minecraft:furnace":2,"minecraft:campfire":1,"minecraft:stone_axe":1,"minecraft:bread":3,"minecraft:air":0,"minecraft:iron_axe":1,"minecraft:stick":20,"minecraft:iron_ingot":3,"minecraft:stone_pickaxe":1,"minecraft:spruce_boat":2,"minecraft:torch":24,"minecraft:stone_hoe":1,"minecraft:wheat":9},"minecraft:used":{"minecraft:rabbit":1,"minecraft:stone_shovel":10,"minecraft:stone_pickaxe":75,"minecraft:dried_kelp":5,"minecraft:spruce_planks":26,"minecraft:wooden_pickaxe":3,"minecraft:sugar_cane":2,"minecraft:stone_hoe":14,"minecraft:rotten_flesh":3,"minecraft:torch":20,"minecraft:dirt":2,"minecraft:crafting_table":5,"minecraft:campfire":1,"minecraft:spruce_boat":6,"minecraft:oxeye_daisy":1,"minecraft:iron_axe":18,"minecraft:bread":4,"minecraft:stone_axe":75,"minecraft:cobblestone":10,"minecraft:furnace":3,"minecraft:cooked_porkchop":2,"minecraft:yellow_bed":1,"alexsmobs:animal_dictionary":2,"minecraft:cooked_beef":1}},"DataVersion":3465}