{"stats":{"minecraft:killed":{"minecraft:spider":2,"alexsmobs:seagull":1,"minecraft:skeleton":2,"minecraft:chicken":1,"minecraft:drowned":2,"alexsmobs:skelewag":1,"minecraft:pig":16,"minecraft:rabbit":1,"minecraft:iron_golem":3,"minecraft:sheep":12,"minecraft:trader_llama":2,"minecraft:zombie":11,"alexsmobs:crow":1,"minecraft:enderman":1,"minecraft:cow":22},"minecraft:custom":{"minecraft:mob_kills":80,"minecraft:interact_with_crafting_table":46,"minecraft:interact_with_campfire":4,"minecraft:leave_game":12,"minecraft:time_since_death":15021,"minecraft:sprint_one_cm":417661,"minecraft:walk_one_cm":421586,"minecraft:drop":53,"minecraft:talked_to_villager":4,"minecraft:play_time":175067,"minecraft:sneak_time":2046,"minecraft:deaths":4,"minecraft:walk_under_water_one_cm":16085,"minecraft:boat_one_cm":113817,"minecraft:jump":3183,"minecraft:walk_on_water_one_cm":20213,"minecraft:total_world_time":175067,"minecraft:interact_with_furnace":23,"minecraft:sleep_in_bed":10,"minecraft:time_since_rest":15058,"minecraft:waystone_activated":4,"minecraft:damage_taken":2732,"minecraft:damage_dealt":12672,"minecraft:swim_one_cm":44666,"minecraft:fly_one_cm":678444,"minecraft:open_chest":36,"minecraft:crouch_one_cm":4141,"minecraft:interact_with_smoker":2,"minecraft:fall_one_cm":76363},"minecraft:mined":{"minecraft:tuff":47,"farmersdelight:onions":4,"farmersdelight:rich_soil":3,"minecraft:oak_sapling":1,"minecraft:mossy_cobblestone":3,"farmersdelight:wild_carrots":8,"mcwfurnitures:oak_glass_table":1,"minecraft:granite":10,"minecraft:allium":1,"minecraft:grass_block":295,"minecraft:spruce_leaves":6,"minecraft:composter":1,"minecraft:kelp":5,"minecraft:large_fern":1,"minecraft:hay_block":14,"farmersdelight:wild_onions":10,"minecraft:furnace":3,"minecraft:iron_ore":11,"minecraft:andesite":3,"minecraft:pumpkin":7,"minecraft:deepslate_iron_ore":31,"minecraft:dirt_path":112,"minecraft:oak_stairs":2,"minecraft:stone":77,"farmersdelight:rich_soil_farmland":3,"mcwfurnitures:oak_striped_chair":1,"minecraft:kelp_plant":59,"minecraft:smoker":1,"minecraft:powder_snow":41,"minecraft:clay":5,"minecraft:crafting_table":2,"minecraft:torch":1,"minecraft:chest":1,"minecraft:campfire":2,"minecraft:copper_ore":8,"minecraft:tall_grass":27,"minecraft:cobblestone":23,"minecraft:oak_planks":10,"minecraft:sugar_cane":13,"mcwbridges:oak_log_bridge_middle":6,"farmersdelight:skillet":3,"minecraft:ice":8,"minecraft:spruce_log":41,"minecraft:yellow_bed":5,"minecraft:grass":76,"minecraft:coal_ore":97,"minecraft:oak_log":38,"minecraft:gravel":40,"minecraft:sand":1,"minecraft:dirt":67,"farmersdelight:stove":1,"minecraft:deepslate":41,"minecraft:oak_leaves":4},"minecraft:used":{"farmersdelight:onion_crate":1,"minecraft:stone_shovel":528,"minecraft:dried_kelp":5,"minecraft:poppy":2,"minecraft:chest":5,"minecraft:spruce_planks":26,"farmersdelight:stove":2,"farmersdelight:rich_soil":6,"minecraft:bell":1,"minecraft:stone_hoe":45,"minecraft:rotten_flesh":3,"minecraft:torch":119,"minecraft:dirt":21,"minecraft:tuff":4,"minecraft:granite":12,"minecraft:spruce_boat":6,"mcwbridges:oak_log_bridge_middle":9,"minecraft:iron_axe":18,"farmersdelight:cutting_board":2,"minecraft:oak_sapling":12,"mcwfurnitures:oak_striped_chair":3,"minecraft:furnace":6,"farmersdelight:cooked_mutton_chops":1,"minecraft:cooked_beef":13,"minecraft:cooked_mutton":1,"alexsmobs:cooked_catfish":3,"farmersdelight:skillet":4,"minecraft:rabbit":1,"minecraft:stone_pickaxe":246,"minecraft:oak_planks":11,"minecraft:sugar_cane":22,"minecraft:wooden_pickaxe":3,"farmersdelight:onion":9,"minecraft:crafting_table":8,"minecraft:campfire":3,"mcwfurnitures:oak_glass_table":2,"minecraft:pumpkin_seeds":17,"minecraft:smoker":2,"farmersdelight:smoked_ham":1,"waystones:waystone":1,"minecraft:oxeye_daisy":1,"minecraft:bread":4,"minecraft:iron_pickaxe":115,"farmersdelight:cooked_chicken_cuts":1,"minecraft:stone_axe":253,"minecraft:cobblestone":11,"minecraft:cooked_porkchop":7,"minecraft:andesite":2,"minecraft:yellow_bed":5,"alexsmobs:animal_dictionary":2,"minecraft:dandelion":2,"minecraft:bone_meal":3},"minecraft:killed_by":{"minecraft:iron_golem":1,"alexsmobs:cachalot_whale":1,"minecraft:skeleton":1,"minecraft:zombie":1},"minecraft:crafted":{"minecraft:brick":20,"minecraft:oak_planks":92,"minecraft:stone_shovel":5,"minecraft:furnace":4,"minecraft:bone_meal":3,"minecraft:glass":1,"mcwfurnitures:oak_coffee_table":1,"minecraft:iron_axe":1,"minecraft:stone_pickaxe":3,"minecraft:chest":4,"mcwfurnitures:oak_table":1,"minecraft:spruce_boat":2,"minecraft:bricks":4,"minecraft:stone_hoe":1,"mcwfurnitures:oak_glass_table":1,"minecraft:oak_fence":12,"minecraft:smoker":1,"minecraft:wheat":9,"farmersdelight:stove":1,"minecraft:oak_slab":6,"minecraft:cooked_porkchop":3,"farmersdelight:onion_crate":1,"minecraft:crafting_table":7,"mcwfurnitures:oak_striped_chair":2,"minecraft:spruce_planks":80,"farmersdelight:iron_knife":1,"farmersdelight:flint_knife":1,"minecraft:dried_kelp":5,"minecraft:wooden_pickaxe":1,"minecraft:pumpkin_seeds":28,"minecraft:campfire":4,"minecraft:stone_axe":3,"mcwbridges:oak_log_bridge_middle":4,"farmersdelight:skillet":1,"minecraft:air":0,"minecraft:bread":3,"mcwfurnitures:oak_end_table":1,"farmersdelight:cutting_board":1,"minecraft:stick":100,"minecraft:iron_pickaxe":1,"minecraft:iron_ingot":6,"minecraft:torch":196},"minecraft:broken":{"minecraft:stone_axe":2,"minecraft:stone_shovel":4},"minecraft:dropped":{"minecraft:bread":4,"farmersdelight:iron_knife":1,"minecraft:porkchop":13,"minecraft:wheat_seeds":8,"minecraft:cooked_beef":1,"farmersdelight:skillet":1,"minecraft:mossy_cobblestone":3,"minecraft:ender_pearl":1,"minecraft:cooked_porkchop":2,"minecraft:oak_fence":2,"minecraft:lead":1,"minecraft:leather":4,"minecraft:coal":39,"minecraft:stick":1,"minecraft:dirt":9,"minecraft:ink_sac":11,"minecraft:torch":48,"minecraft:mutton":6,"minecraft:dried_kelp":4,"minecraft:oak_stairs":2,"minecraft:kelp":89,"minecraft:wheat":6,"minecraft:composter":1,"minecraft:stone_shovel":1,"minecraft:clay_ball":20,"minecraft:cooked_mutton":2,"minecraft:carrot":2,"minecraft:rabbit_foot":1,"minecraft:poppy":3,"minecraft:hay_block":13,"farmersdelight:flint_knife":1,"minecraft:allium":18,"minecraft:charcoal":2,"minecraft:spider_eye":1,"minecraft:stone_pickaxe":2,"minecraft:beef":8,"waystones:waystone":1,"farmersdelight:ham":1,"minecraft:netherrack":1,"minecraft:egg":1},"minecraft:picked_up":{"minecraft:wheat":22,"minecraft:charcoal":6,"minecraft:crafting_table":2,"minecraft:allium":18,"minecraft:chicken":1,"minecraft:clay_ball":20,"minecraft:lead":1,"minecraft:wooden_pickaxe":1,"minecraft:oak_stairs":2,"mcwfurnitures:oak_glass_table":1,"farmersdelight:cutting_board":1,"alexsmobs:cooked_catfish":3,"minecraft:string":4,"minecraft:raw_copper":37,"minecraft:cobbled_deepslate":40,"mcwbridges:oak_log_bridge_middle":5,"minecraft:spruce_planks":2,"minecraft:beef":63,"minecraft:poppy":5,"minecraft:light_gray_wool":2,"minecraft:sugar_cane":22,"minecraft:chest":1,"minecraft:furnace":5,"minecraft:egg":2,"minecraft:stick":11,"minecraft:raw_iron":46,"minecraft:composter":1,"minecraft:torch":13,"minecraft:porkchop":51,"minecraft:dried_kelp":4,"minecraft:carrot":16,"minecraft:rabbit_foot":1,"minecraft:stone_shovel":3,"minecraft:rotten_flesh":16,"farmersdelight:cooked_chicken_cuts":1,"farmersdelight:tree_bark":2,"farmersdelight:onion":25,"minecraft:hay_block":14,"minecraft:mutton":24,"minecraft:white_wool":13,"minecraft:cobblestone":147,"minecraft:oxeye_daisy":1,"farmersdelight:rich_soil":6,"minecraft:feather":5,"minecraft:cooked_beef":69,"farmersdelight:smoked_ham":2,"minecraft:andesite":6,"minecraft:leather":30,"minecraft:smoker":1,"minecraft:potato":5,"minecraft:flint":1,"minecraft:tuff":42,"minecraft:oak_log":73,"minecraft:yellow_bed":5,"mcwfurnitures:oak_striped_chair":1,"farmersdelight:skillet":3,"minecraft:dirt":672,"minecraft:cooked_mutton":3,"minecraft:bone":1,"minecraft:apple":1,"minecraft:kelp":99,"minecraft:wheat_seeds":43,"minecraft:bell":2,"minecraft:rabbit_hide":2,"minecraft:iron_ingot":11,"minecraft:stone_pickaxe":6,"minecraft:rabbit":2,"minecraft:stone_hoe":3,"minecraft:oak_planks":79,"minecraft:cooked_porkchop":9,"minecraft:pumpkin":7,"minecraft:dandelion":2,"minecraft:gravel":39,"minecraft:sand":1,"minecraft:stripped_spruce_log":1,"minecraft:ink_sac":11,"minecraft:spruce_log":61,"farmersdelight:ham":1,"minecraft:spider_eye":1,"farmersdelight:cooked_mutton_chops":1,"alexsmobs:animal_dictionary":1,"minecraft:mossy_cobblestone":3,"minecraft:spruce_boat":4,"minecraft:stone_axe":3,"waystones:waystone":2,"minecraft:granite":19,"minecraft:gray_wool":1,"minecraft:bread":10,"minecraft:oak_sapling":12,"minecraft:netherrack":1,"farmersdelight:stove":1,"minecraft:coal":156,"minecraft:ender_pearl":1}},"DataVersion":3465}