{"stats":{"minecraft:custom":{"minecraft:time_since_rest":4353,"minecraft:sprint_one_cm":48489,"minecraft:damage_taken":265,"minecraft:walk_one_cm":89691,"minecraft:mob_kills":6,"minecraft:drop":2,"minecraft:damage_dealt":910,"minecraft:interact_with_crafting_table":5,"minecraft:swim_one_cm":1300,"minecraft:fly_one_cm":70828,"minecraft:open_chest":1,"minecraft:crouch_one_cm":91,"minecraft:play_time":22193,"minecraft:deaths":1,"minecraft:sneak_time":68,"minecraft:walk_under_water_one_cm":2028,"minecraft:boat_one_cm":100,"minecraft:jump":429,"minecraft:time_since_death":4328,"minecraft:leave_game":4,"minecraft:walk_on_water_one_cm":5763,"minecraft:total_world_time":22193,"minecraft:fall_one_cm":11132},"minecraft:picked_up":{"minecraft:stick":1,"minecraft:crafting_table":1,"minecraft:porkchop":3,"minecraft:spruce_log":18,"alexsmobs:animal_dictionary":1,"minecraft:rabbit_foot":1,"minecraft:dirt":2,"minecraft:rotten_flesh":4,"minecraft:spruce_boat":4,"minecraft:rabbit_hide":2,"minecraft:rabbit":2,"minecraft:netherrack":1,"minecraft:coal":17,"minecraft:cobblestone":26},"minecraft:killed":{"minecraft:zombie":4,"minecraft:pig":1,"minecraft:rabbit":1},"minecraft:mined":{"minecraft:spruce_log":19,"minecraft:powder_snow":29,"minecraft:crafting_table":1,"minecraft:grass":5,"minecraft:grass_block":2,"minecraft:coal_ore":17,"minecraft:dirt":1,"minecraft:spruce_leaves":2,"minecraft:stone":26},"minecraft:dropped":{"minecraft:rabbit_foot":1,"minecraft:netherrack":1},"minecraft:killed_by":{"minecraft:zombie":1},"minecraft:crafted":{"minecraft:iron_axe":1,"minecraft:crafting_table":3,"minecraft:spruce_planks":52,"minecraft:stick":12,"minecraft:wooden_pickaxe":1,"minecraft:iron_ingot":3,"minecraft:stone_pickaxe":1,"minecraft:spruce_boat":1,"minecraft:stone_axe":1},"minecraft:used":{"minecraft:spruce_boat":5,"minecraft:rabbit":1,"minecraft:iron_axe":18,"minecraft:stone_pickaxe":40,"minecraft:spruce_planks":8,"minecraft:wooden_pickaxe":3,"minecraft:rotten_flesh":3,"minecraft:stone_axe":1,"minecraft:dirt":2,"minecraft:crafting_table":3,"alexsmobs:animal_dictionary":2}},"DataVersion":3465}