{"stats":{"minecraft:custom":{"minecraft:mob_kills":29,"minecraft:interact_with_crafting_table":20,"minecraft:interact_with_campfire":4,"minecraft:leave_game":7,"minecraft:time_since_death":25994,"minecraft:sprint_one_cm":195177,"minecraft:walk_one_cm":195849,"minecraft:drop":34,"minecraft:play_time":79442,"minecraft:deaths":2,"minecraft:sneak_time":801,"minecraft:walk_under_water_one_cm":13391,"minecraft:boat_one_cm":113817,"minecraft:jump":1402,"minecraft:walk_on_water_one_cm":16924,"minecraft:total_world_time":79442,"minecraft:interact_with_furnace":15,"minecraft:sleep_in_bed":3,"minecraft:time_since_rest":7037,"minecraft:waystone_activated":3,"minecraft:damage_taken":1181,"minecraft:damage_dealt":5337,"minecraft:swim_one_cm":30262,"minecraft:fly_one_cm":291501,"minecraft:open_chest":11,"minecraft:crouch_one_cm":1113,"minecraft:interact_with_smoker":1,"minecraft:fall_one_cm":28806},"minecraft:picked_up":{"minecraft:charcoal":4,"minecraft:crafting_table":2,"minecraft:wheat":12,"minecraft:clay_ball":20,"minecraft:wooden_pickaxe":1,"minecraft:oak_stairs":2,"minecraft:spruce_planks":2,"minecraft:beef":14,"minecraft:poppy":4,"minecraft:sugar_cane":2,"minecraft:furnace":4,"minecraft:egg":2,"minecraft:stick":4,"minecraft:porkchop":29,"minecraft:dried_kelp":4,"minecraft:carrot":4,"minecraft:rabbit_foot":1,"minecraft:rotten_flesh":8,"minecraft:stone_shovel":1,"farmersdelight:cooked_chicken_cuts":1,"farmersdelight:tree_bark":2,"minecraft:hay_block":14,"minecraft:mutton":12,"minecraft:cobblestone":57,"minecraft:white_wool":8,"minecraft:oxeye_daisy":1,"farmersdelight:rich_soil":3,"minecraft:feather":2,"minecraft:cooked_beef":1,"farmersdelight:smoked_ham":1,"minecraft:leather":8,"minecraft:flint":1,"minecraft:oak_log":12,"minecraft:yellow_bed":3,"farmersdelight:skillet":1,"minecraft:dirt":68,"minecraft:cooked_mutton":3,"minecraft:kelp":99,"minecraft:wheat_seeds":11,"minecraft:rabbit_hide":2,"minecraft:iron_ingot":6,"minecraft:stone_pickaxe":1,"minecraft:rabbit":2,"minecraft:stone_hoe":1,"minecraft:oak_planks":8,"minecraft:cooked_porkchop":8,"minecraft:gravel":39,"minecraft:stripped_spruce_log":1,"minecraft:ink_sac":11,"minecraft:spruce_log":61,"farmersdelight:ham":1,"farmersdelight:cooked_mutton_chops":1,"alexsmobs:animal_dictionary":1,"minecraft:spruce_boat":4,"minecraft:stone_axe":1,"waystones:waystone":1,"minecraft:bread":10,"minecraft:netherrack":1,"minecraft:coal":82},"minecraft:killed":{"minecraft:skeleton":1,"minecraft:drowned":2,"alexsmobs:skelewag":1,"minecraft:pig":7,"minecraft:rabbit":1,"minecraft:iron_golem":2,"minecraft:sheep":4,"minecraft:zombie":6,"alexsmobs:crow":1,"minecraft:cow":4},"minecraft:mined":{"farmersdelight:rich_soil":3,"minecraft:grass_block":13,"minecraft:spruce_leaves":6,"minecraft:kelp":5,"minecraft:large_fern":1,"minecraft:hay_block":14,"minecraft:furnace":2,"minecraft:dirt_path":2,"minecraft:oak_stairs":2,"minecraft:stone":49,"minecraft:kelp_plant":59,"minecraft:powder_snow":41,"minecraft:clay":5,"minecraft:crafting_table":2,"minecraft:campfire":1,"minecraft:sugar_cane":2,"minecraft:oak_planks":7,"farmersdelight:skillet":1,"minecraft:ice":8,"minecraft:spruce_log":41,"minecraft:yellow_bed":3,"minecraft:grass":30,"minecraft:oak_log":5,"minecraft:coal_ore":45,"minecraft:gravel":40,"minecraft:dirt":43},"minecraft:dropped":{"minecraft:bread":4,"farmersdelight:iron_knife":1,"minecraft:porkchop":13,"farmersdelight:skillet":1,"minecraft:cooked_porkchop":2,"minecraft:leather":4,"minecraft:coal":39,"minecraft:ink_sac":11,"minecraft:mutton":6,"minecraft:dried_kelp":4,"minecraft:oak_stairs":2,"minecraft:kelp":89,"minecraft:wheat":6,"minecraft:clay_ball":20,"minecraft:cooked_mutton":2,"minecraft:carrot":2,"minecraft:rabbit_foot":1,"minecraft:poppy":2,"minecraft:hay_block":13,"farmersdelight:flint_knife":1,"minecraft:charcoal":2,"minecraft:beef":8,"waystones:waystone":1,"farmersdelight:ham":1,"minecraft:netherrack":1,"minecraft:egg":1},"minecraft:killed_by":{"alexsmobs:cachalot_whale":1,"minecraft:zombie":1},"minecraft:crafted":{"minecraft:brick":20,"minecraft:oak_planks":12,"minecraft:stone_shovel":1,"minecraft:furnace":2,"minecraft:iron_axe":1,"minecraft:stone_pickaxe":1,"minecraft:spruce_boat":2,"minecraft:stone_hoe":1,"minecraft:smoker":1,"minecraft:wheat":9,"minecraft:cooked_porkchop":3,"minecraft:crafting_table":4,"minecraft:spruce_planks":80,"farmersdelight:iron_knife":1,"minecraft:dried_kelp":5,"farmersdelight:flint_knife":1,"minecraft:wooden_pickaxe":1,"minecraft:campfire":2,"minecraft:stone_axe":2,"farmersdelight:skillet":1,"minecraft:bread":3,"minecraft:air":0,"farmersdelight:cutting_board":1,"minecraft:stick":32,"minecraft:iron_ingot":3,"minecraft:torch":24},"minecraft:broken":{"minecraft:stone_axe":1},"minecraft:used":{"minecraft:stone_shovel":102,"minecraft:dried_kelp":5,"minecraft:poppy":2,"minecraft:spruce_planks":26,"farmersdelight:rich_soil":3,"minecraft:stone_hoe":22,"minecraft:rotten_flesh":3,"minecraft:torch":20,"minecraft:dirt":5,"minecraft:spruce_boat":6,"minecraft:iron_axe":18,"farmersdelight:cutting_board":1,"minecraft:furnace":3,"farmersdelight:cooked_mutton_chops":1,"minecraft:cooked_beef":1,"minecraft:cooked_mutton":1,"farmersdelight:skillet":2,"minecraft:rabbit":1,"minecraft:stone_pickaxe":97,"minecraft:oak_planks":6,"minecraft:wooden_pickaxe":3,"minecraft:sugar_cane":2,"farmersdelight:onion":3,"minecraft:crafting_table":5,"minecraft:campfire":2,"minecraft:smoker":1,"minecraft:oxeye_daisy":1,"minecraft:bread":4,"farmersdelight:cooked_chicken_cuts":1,"minecraft:stone_axe":98,"minecraft:cobblestone":10,"minecraft:cooked_porkchop":4,"minecraft:yellow_bed":3,"alexsmobs:animal_dictionary":2}},"DataVersion":3465}