{"stats":{"minecraft:custom":{"minecraft:jump":103,"minecraft:time_since_rest":3544,"minecraft:damage_taken":20,"minecraft:leave_game":3,"minecraft:play_time":3544,"minecraft:sprint_one_cm":17536,"minecraft:time_since_death":3544,"minecraft:walk_one_cm":5231,"minecraft:sneak_time":13,"minecraft:total_world_time":3544,"minecraft:fall_one_cm":3468,"minecraft:fly_one_cm":28766},"minecraft:used":{"minecraft:spruce_planks":8,"minecraft:dirt":2},"minecraft:mined":{"minecraft:grass":5,"minecraft:grass_block":2,"minecraft:spruce_log":3,"minecraft:powder_snow":19},"minecraft:crafted":{"minecraft:spruce_planks":8},"minecraft:picked_up":{"minecraft:spruce_log":2,"minecraft:dirt":2}},"DataVersion":3465}