{"stats":{"minecraft:custom":{"minecraft:mob_kills":66,"minecraft:interact_with_crafting_table":38,"minecraft:interact_with_campfire":4,"minecraft:leave_game":8,"minecraft:time_since_death":28359,"minecraft:sprint_one_cm":305680,"minecraft:walk_one_cm":310849,"minecraft:drop":44,"minecraft:talked_to_villager":4,"minecraft:play_time":122552,"minecraft:deaths":3,"minecraft:sneak_time":1377,"minecraft:walk_under_water_one_cm":14297,"minecraft:boat_one_cm":113817,"minecraft:jump":2214,"minecraft:walk_on_water_one_cm":18584,"minecraft:total_world_time":122552,"minecraft:interact_with_furnace":19,"minecraft:sleep_in_bed":8,"minecraft:time_since_rest":4437,"minecraft:waystone_activated":3,"minecraft:damage_taken":1729,"minecraft:damage_dealt":10187,"minecraft:swim_one_cm":31290,"minecraft:fly_one_cm":477635,"minecraft:open_chest":29,"minecraft:crouch_one_cm":2001,"minecraft:interact_with_smoker":2,"minecraft:fall_one_cm":48512},"minecraft:picked_up":{"minecraft:allium":18,"minecraft:charcoal":4,"minecraft:crafting_table":2,"minecraft:wheat":22,"minecraft:chicken":1,"minecraft:clay_ball":20,"minecraft:lead":1,"minecraft:wooden_pickaxe":1,"minecraft:oak_stairs":2,"mcwfurnitures:oak_glass_table":1,"minecraft:string":4,"mcwbridges:oak_log_bridge_middle":5,"minecraft:spruce_planks":2,"minecraft:beef":35,"minecraft:poppy":5,"minecraft:light_gray_wool":2,"minecraft:sugar_cane":11,"minecraft:chest":1,"minecraft:furnace":4,"minecraft:egg":2,"minecraft:stick":10,"minecraft:composter":1,"minecraft:torch":4,"minecraft:porkchop":51,"minecraft:dried_kelp":4,"minecraft:carrot":16,"minecraft:rabbit_foot":1,"minecraft:rotten_flesh":10,"minecraft:stone_shovel":1,"farmersdelight:cooked_chicken_cuts":1,"farmersdelight:onion":25,"farmersdelight:tree_bark":2,"minecraft:hay_block":14,"minecraft:mutton":24,"minecraft:cobblestone":111,"minecraft:white_wool":13,"minecraft:oxeye_daisy":1,"farmersdelight:rich_soil":6,"minecraft:feather":5,"minecraft:cooked_beef":50,"farmersdelight:smoked_ham":2,"minecraft:leather":18,"minecraft:potato":5,"minecraft:flint":1,"minecraft:oak_log":31,"mcwfurnitures:oak_striped_chair":1,"minecraft:yellow_bed":3,"farmersdelight:skillet":2,"minecraft:dirt":417,"minecraft:cooked_mutton":3,"minecraft:bone":1,"minecraft:apple":1,"minecraft:kelp":99,"minecraft:wheat_seeds":35,"minecraft:bell":2,"minecraft:rabbit_hide":2,"minecraft:iron_ingot":11,"minecraft:stone_pickaxe":3,"minecraft:rabbit":2,"minecraft:stone_hoe":2,"minecraft:oak_planks":16,"minecraft:cooked_porkchop":9,"minecraft:pumpkin":7,"minecraft:gravel":39,"minecraft:sand":1,"minecraft:stripped_spruce_log":1,"minecraft:ink_sac":11,"minecraft:spruce_log":61,"farmersdelight:ham":1,"minecraft:spider_eye":1,"farmersdelight:cooked_mutton_chops":1,"alexsmobs:animal_dictionary":1,"minecraft:mossy_cobblestone":3,"minecraft:spruce_boat":4,"minecraft:stone_axe":2,"waystones:waystone":1,"minecraft:gray_wool":1,"minecraft:bread":10,"minecraft:oak_sapling":12,"minecraft:netherrack":1,"minecraft:coal":82,"minecraft:ender_pearl":1},"minecraft:killed":{"minecraft:spider":2,"alexsmobs:seagull":1,"minecraft:skeleton":2,"minecraft:chicken":1,"minecraft:drowned":2,"alexsmobs:skelewag":1,"minecraft:pig":16,"minecraft:rabbit":1,"minecraft:iron_golem":3,"minecraft:sheep":12,"minecraft:trader_llama":2,"minecraft:zombie":6,"alexsmobs:crow":1,"minecraft:enderman":1,"minecraft:cow":15},"minecraft:mined":{"farmersdelight:onions":4,"minecraft:oak_sapling":1,"farmersdelight:rich_soil":3,"minecraft:mossy_cobblestone":3,"farmersdelight:wild_carrots":8,"mcwfurnitures:oak_glass_table":1,"minecraft:allium":1,"minecraft:grass_block":75,"minecraft:spruce_leaves":6,"minecraft:composter":1,"minecraft:kelp":5,"minecraft:large_fern":1,"minecraft:hay_block":14,"farmersdelight:wild_onions":10,"minecraft:furnace":2,"minecraft:pumpkin":7,"minecraft:dirt_path":86,"minecraft:oak_stairs":2,"minecraft:stone":55,"farmersdelight:rich_soil_farmland":3,"mcwfurnitures:oak_striped_chair":1,"minecraft:kelp_plant":59,"minecraft:powder_snow":41,"minecraft:clay":5,"minecraft:crafting_table":2,"minecraft:chest":1,"minecraft:campfire":1,"mcwbridges:oak_log_bridge_middle":6,"minecraft:tall_grass":6,"minecraft:cobblestone":23,"minecraft:sugar_cane":10,"minecraft:oak_planks":10,"farmersdelight:skillet":2,"minecraft:ice":8,"minecraft:spruce_log":41,"minecraft:yellow_bed":3,"minecraft:grass":45,"minecraft:oak_log":21,"minecraft:coal_ore":45,"minecraft:sand":1,"minecraft:gravel":40,"minecraft:dirt":52,"minecraft:oak_leaves":4},"minecraft:dropped":{"minecraft:bread":4,"farmersdelight:iron_knife":1,"minecraft:porkchop":13,"minecraft:wheat_seeds":5,"minecraft:cooked_beef":1,"farmersdelight:skillet":1,"minecraft:ender_pearl":1,"minecraft:mossy_cobblestone":3,"minecraft:cooked_porkchop":2,"minecraft:lead":1,"minecraft:leather":4,"minecraft:coal":39,"minecraft:ink_sac":11,"minecraft:mutton":6,"minecraft:dried_kelp":4,"minecraft:oak_stairs":2,"minecraft:kelp":89,"minecraft:composter":1,"minecraft:wheat":6,"minecraft:clay_ball":20,"minecraft:cooked_mutton":2,"minecraft:carrot":2,"minecraft:rabbit_foot":1,"minecraft:poppy":3,"minecraft:hay_block":13,"farmersdelight:flint_knife":1,"minecraft:allium":18,"minecraft:charcoal":2,"minecraft:spider_eye":1,"minecraft:beef":8,"waystones:waystone":1,"farmersdelight:ham":1,"minecraft:netherrack":1,"minecraft:egg":1},"minecraft:killed_by":{"minecraft:iron_golem":1,"alexsmobs:cachalot_whale":1,"minecraft:zombie":1},"minecraft:crafted":{"minecraft:brick":20,"minecraft:oak_planks":72,"minecraft:stone_shovel":2,"minecraft:furnace":2,"minecraft:bone_meal":3,"minecraft:glass":1,"mcwfurnitures:oak_coffee_table":1,"minecraft:iron_axe":1,"minecraft:stone_pickaxe":3,"minecraft:chest":4,"mcwfurnitures:oak_table":1,"minecraft:spruce_boat":2,"minecraft:bricks":4,"mcwfurnitures:oak_glass_table":1,"minecraft:stone_hoe":1,"minecraft:oak_fence":12,"minecraft:smoker":1,"minecraft:wheat":9,"farmersdelight:stove":1,"minecraft:oak_slab":6,"minecraft:cooked_porkchop":3,"farmersdelight:onion_crate":1,"minecraft:crafting_table":4,"mcwfurnitures:oak_striped_chair":2,"minecraft:spruce_planks":80,"farmersdelight:iron_knife":1,"minecraft:dried_kelp":5,"farmersdelight:flint_knife":1,"minecraft:wooden_pickaxe":1,"minecraft:pumpkin_seeds":28,"minecraft:campfire":3,"mcwbridges:oak_log_bridge_middle":4,"minecraft:stone_axe":3,"farmersdelight:skillet":1,"mcwfurnitures:oak_end_table":1,"minecraft:bread":3,"minecraft:air":0,"farmersdelight:cutting_board":1,"minecraft:stick":44,"minecraft:iron_ingot":3,"minecraft:torch":24},"minecraft:broken":{"minecraft:stone_axe":2,"minecraft:stone_shovel":2},"minecraft:used":{"farmersdelight:onion_crate":1,"minecraft:stone_shovel":262,"minecraft:dried_kelp":5,"minecraft:poppy":2,"farmersdelight:stove":1,"minecraft:chest":5,"minecraft:spruce_planks":26,"farmersdelight:rich_soil":6,"minecraft:bell":1,"minecraft:stone_hoe":45,"minecraft:rotten_flesh":3,"minecraft:torch":24,"minecraft:dirt":18,"minecraft:spruce_boat":6,"mcwbridges:oak_log_bridge_middle":9,"minecraft:iron_axe":18,"farmersdelight:cutting_board":1,"mcwfurnitures:oak_striped_chair":3,"minecraft:oak_sapling":12,"minecraft:furnace":3,"farmersdelight:cooked_mutton_chops":1,"minecraft:cooked_beef":5,"minecraft:cooked_mutton":1,"farmersdelight:skillet":3,"minecraft:rabbit":1,"minecraft:stone_pickaxe":130,"minecraft:oak_planks":9,"minecraft:wooden_pickaxe":3,"minecraft:sugar_cane":11,"farmersdelight:onion":9,"minecraft:crafting_table":5,"mcwfurnitures:oak_glass_table":2,"minecraft:campfire":2,"minecraft:pumpkin_seeds":17,"minecraft:smoker":1,"minecraft:oxeye_daisy":1,"minecraft:bread":4,"farmersdelight:cooked_chicken_cuts":1,"minecraft:stone_axe":205,"minecraft:cobblestone":10,"minecraft:cooked_porkchop":7,"minecraft:yellow_bed":3,"alexsmobs:animal_dictionary":2,"minecraft:bone_meal":3}},"DataVersion":3465}