{"stats":{"minecraft:custom":{"minecraft:mob_kills":59,"minecraft:interact_with_crafting_table":24,"minecraft:interact_with_campfire":4,"minecraft:leave_game":7,"minecraft:time_since_death":37852,"minecraft:sprint_one_cm":253937,"minecraft:walk_one_cm":225812,"minecraft:drop":36,"minecraft:play_time":91300,"minecraft:deaths":2,"minecraft:sneak_time":847,"minecraft:walk_under_water_one_cm":14297,"minecraft:boat_one_cm":113817,"minecraft:jump":1867,"minecraft:walk_on_water_one_cm":17854,"minecraft:total_world_time":91300,"minecraft:interact_with_furnace":15,"minecraft:sleep_in_bed":5,"minecraft:time_since_rest":11517,"minecraft:waystone_activated":3,"minecraft:damage_taken":1181,"minecraft:damage_dealt":8097,"minecraft:swim_one_cm":31290,"minecraft:fly_one_cm":411298,"minecraft:open_chest":17,"minecraft:crouch_one_cm":1213,"minecraft:interact_with_smoker":1,"minecraft:fall_one_cm":40198},"minecraft:picked_up":{"minecraft:allium":18,"minecraft:charcoal":4,"minecraft:crafting_table":2,"minecraft:wheat":12,"minecraft:chicken":1,"minecraft:clay_ball":20,"minecraft:wooden_pickaxe":1,"minecraft:oak_stairs":2,"minecraft:spruce_planks":2,"minecraft:beef":35,"minecraft:poppy":4,"minecraft:light_gray_wool":2,"minecraft:sugar_cane":8,"minecraft:chest":1,"minecraft:furnace":4,"minecraft:egg":2,"minecraft:stick":4,"minecraft:composter":1,"minecraft:porkchop":51,"minecraft:dried_kelp":4,"minecraft:carrot":12,"minecraft:rabbit_foot":1,"minecraft:rotten_flesh":8,"minecraft:stone_shovel":1,"farmersdelight:cooked_chicken_cuts":1,"farmersdelight:onion":13,"farmersdelight:tree_bark":2,"minecraft:hay_block":14,"minecraft:mutton":24,"minecraft:cobblestone":74,"minecraft:white_wool":13,"minecraft:oxeye_daisy":1,"farmersdelight:rich_soil":6,"minecraft:feather":5,"minecraft:cooked_beef":22,"farmersdelight:smoked_ham":1,"minecraft:leather":16,"minecraft:flint":1,"minecraft:oak_log":18,"minecraft:yellow_bed":3,"farmersdelight:skillet":1,"minecraft:dirt":83,"minecraft:cooked_mutton":3,"minecraft:kelp":99,"minecraft:wheat_seeds":11,"minecraft:bell":1,"minecraft:rabbit_hide":2,"minecraft:iron_ingot":6,"minecraft:stone_pickaxe":1,"minecraft:rabbit":2,"minecraft:stone_hoe":1,"minecraft:oak_planks":8,"minecraft:cooked_porkchop":8,"minecraft:pumpkin":7,"minecraft:gravel":39,"minecraft:stripped_spruce_log":1,"minecraft:ink_sac":11,"minecraft:spruce_log":61,"farmersdelight:ham":1,"farmersdelight:cooked_mutton_chops":1,"alexsmobs:animal_dictionary":1,"minecraft:mossy_cobblestone":1,"minecraft:spruce_boat":4,"minecraft:stone_axe":1,"waystones:waystone":1,"minecraft:gray_wool":1,"minecraft:bread":10,"minecraft:oak_sapling":2,"minecraft:netherrack":1,"minecraft:coal":82},"minecraft:killed":{"alexsmobs:seagull":1,"minecraft:skeleton":1,"minecraft:chicken":1,"minecraft:drowned":2,"alexsmobs:skelewag":1,"minecraft:pig":16,"minecraft:rabbit":1,"minecraft:iron_golem":2,"minecraft:sheep":12,"minecraft:zombie":6,"alexsmobs:crow":1,"minecraft:cow":15},"minecraft:mined":{"farmersdelight:onions":1,"farmersdelight:rich_soil":3,"minecraft:mossy_cobblestone":1,"farmersdelight:wild_carrots":8,"minecraft:allium":1,"minecraft:grass_block":19,"minecraft:spruce_leaves":6,"minecraft:composter":1,"minecraft:kelp":5,"minecraft:large_fern":1,"minecraft:hay_block":14,"farmersdelight:wild_onions":10,"minecraft:furnace":2,"minecraft:pumpkin":7,"minecraft:dirt_path":10,"minecraft:oak_stairs":2,"minecraft:stone":55,"farmersdelight:rich_soil_farmland":3,"minecraft:kelp_plant":59,"minecraft:powder_snow":41,"minecraft:clay":5,"minecraft:crafting_table":2,"minecraft:chest":1,"minecraft:campfire":1,"minecraft:cobblestone":12,"minecraft:sugar_cane":7,"minecraft:oak_planks":7,"farmersdelight:skillet":1,"minecraft:ice":8,"minecraft:spruce_log":41,"minecraft:yellow_bed":3,"minecraft:grass":41,"minecraft:oak_log":10,"minecraft:coal_ore":45,"minecraft:gravel":40,"minecraft:dirt":45},"minecraft:dropped":{"minecraft:bread":4,"farmersdelight:iron_knife":1,"minecraft:porkchop":13,"farmersdelight:skillet":1,"minecraft:cooked_porkchop":2,"minecraft:leather":4,"minecraft:coal":39,"minecraft:ink_sac":11,"minecraft:mutton":6,"minecraft:dried_kelp":4,"minecraft:oak_stairs":2,"minecraft:kelp":89,"minecraft:composter":1,"minecraft:wheat":6,"minecraft:clay_ball":20,"minecraft:cooked_mutton":2,"minecraft:carrot":2,"minecraft:rabbit_foot":1,"minecraft:poppy":2,"minecraft:hay_block":13,"farmersdelight:flint_knife":1,"minecraft:allium":18,"minecraft:charcoal":2,"minecraft:beef":8,"waystones:waystone":1,"farmersdelight:ham":1,"minecraft:netherrack":1,"minecraft:egg":1},"minecraft:killed_by":{"alexsmobs:cachalot_whale":1,"minecraft:zombie":1},"minecraft:crafted":{"minecraft:brick":20,"minecraft:oak_planks":48,"minecraft:stone_shovel":2,"minecraft:furnace":2,"minecraft:iron_axe":1,"minecraft:stone_pickaxe":2,"minecraft:chest":4,"minecraft:spruce_boat":2,"minecraft:stone_hoe":1,"minecraft:smoker":1,"minecraft:wheat":9,"minecraft:cooked_porkchop":3,"minecraft:crafting_table":4,"minecraft:spruce_planks":80,"farmersdelight:iron_knife":1,"minecraft:dried_kelp":5,"farmersdelight:flint_knife":1,"minecraft:wooden_pickaxe":1,"minecraft:pumpkin_seeds":28,"minecraft:campfire":2,"minecraft:stone_axe":2,"farmersdelight:skillet":1,"minecraft:bread":3,"minecraft:air":0,"farmersdelight:cutting_board":1,"minecraft:stick":36,"minecraft:iron_ingot":3,"minecraft:torch":24},"minecraft:broken":{"minecraft:stone_axe":1},"minecraft:used":{"minecraft:stone_shovel":122,"minecraft:dried_kelp":5,"minecraft:poppy":2,"minecraft:chest":5,"minecraft:spruce_planks":26,"farmersdelight:rich_soil":6,"minecraft:stone_hoe":45,"minecraft:rotten_flesh":3,"minecraft:torch":20,"minecraft:dirt":14,"minecraft:spruce_boat":6,"minecraft:iron_axe":18,"farmersdelight:cutting_board":1,"minecraft:oak_sapling":2,"minecraft:furnace":3,"farmersdelight:cooked_mutton_chops":1,"minecraft:cooked_beef":1,"minecraft:cooked_mutton":1,"farmersdelight:skillet":2,"minecraft:rabbit":1,"minecraft:stone_pickaxe":116,"minecraft:oak_planks":6,"minecraft:wooden_pickaxe":3,"minecraft:sugar_cane":8,"farmersdelight:onion":6,"minecraft:crafting_table":5,"minecraft:campfire":2,"minecraft:pumpkin_seeds":17,"minecraft:smoker":1,"minecraft:oxeye_daisy":1,"minecraft:bread":4,"farmersdelight:cooked_chicken_cuts":1,"minecraft:stone_axe":159,"minecraft:cobblestone":10,"minecraft:cooked_porkchop":6,"minecraft:yellow_bed":3,"alexsmobs:animal_dictionary":2}},"DataVersion":3465}