{"stats":{"minecraft:custom":{"minecraft:interact_with_furnace":7,"minecraft:mob_kills":14,"minecraft:interact_with_crafting_table":12,"minecraft:interact_with_campfire":4,"minecraft:leave_game":4,"minecraft:time_since_death":28328,"minecraft:sleep_in_bed":1,"minecraft:time_since_rest":6304,"minecraft:waystone_activated":2,"minecraft:sprint_one_cm":115491,"minecraft:damage_taken":456,"minecraft:walk_one_cm":135968,"minecraft:drop":12,"minecraft:damage_dealt":1941,"minecraft:swim_one_cm":22071,"minecraft:fly_one_cm":159479,"minecraft:open_chest":1,"minecraft:crouch_one_cm":548,"minecraft:play_time":46193,"minecraft:deaths":1,"minecraft:sneak_time":313,"minecraft:walk_under_water_one_cm":11476,"minecraft:boat_one_cm":113817,"minecraft:jump":830,"minecraft:walk_on_water_one_cm":13989,"minecraft:total_world_time":46193,"minecraft:fall_one_cm":18818},"minecraft:picked_up":{"minecraft:charcoal":2,"minecraft:crafting_table":2,"minecraft:wheat":6,"minecraft:feather":1,"minecraft:cooked_beef":1,"minecraft:leather":2,"minecraft:oak_stairs":2,"minecraft:yellow_bed":1,"minecraft:dirt":13,"minecraft:kelp":99,"minecraft:wheat_seeds":10,"minecraft:rabbit_hide":2,"minecraft:beef":2,"minecraft:rabbit":2,"minecraft:sugar_cane":2,"minecraft:oak_planks":1,"minecraft:egg":1,"minecraft:furnace":1,"minecraft:stick":1,"minecraft:porkchop":9,"minecraft:dried_kelp":4,"minecraft:spruce_log":44,"minecraft:rabbit_foot":1,"alexsmobs:animal_dictionary":1,"minecraft:rotten_flesh":5,"minecraft:spruce_boat":4,"waystones:waystone":1,"minecraft:hay_block":14,"minecraft:bread":6,"minecraft:netherrack":1,"minecraft:coal":38,"minecraft:cobblestone":40},"minecraft:killed":{"minecraft:pig":4,"minecraft:rabbit":1,"minecraft:skeleton":1,"minecraft:zombie":4,"alexsmobs:crow":1,"minecraft:drowned":1,"alexsmobs:skelewag":1,"minecraft:cow":1},"minecraft:mined":{"minecraft:kelp_plant":59,"minecraft:powder_snow":41,"minecraft:crafting_table":2,"minecraft:grass_block":7,"minecraft:campfire":1,"minecraft:spruce_leaves":6,"minecraft:sugar_cane":2,"minecraft:oak_planks":1,"minecraft:kelp":5,"minecraft:large_fern":1,"minecraft:hay_block":14,"minecraft:furnace":1,"minecraft:ice":8,"minecraft:spruce_log":41,"minecraft:yellow_bed":1,"minecraft:grass":5,"minecraft:coal_ore":23,"minecraft:oak_stairs":2,"minecraft:dirt":7,"minecraft:stone":40},"minecraft:dropped":{"minecraft:kelp":89,"minecraft:cooked_porkchop":1,"minecraft:rabbit_foot":1,"minecraft:hay_block":13,"minecraft:dried_kelp":4,"minecraft:oak_stairs":2,"waystones:waystone":1,"minecraft:beef":2,"minecraft:netherrack":1},"minecraft:killed_by":{"minecraft:zombie":1},"minecraft:crafted":{"minecraft:stone_shovel":1,"minecraft:cooked_porkchop":3,"minecraft:crafting_table":4,"minecraft:spruce_planks":76,"minecraft:dried_kelp":5,"minecraft:wooden_pickaxe":1,"minecraft:furnace":2,"minecraft:campfire":1,"minecraft:stone_axe":1,"minecraft:bread":3,"minecraft:air":0,"minecraft:iron_axe":1,"minecraft:stick":20,"minecraft:iron_ingot":3,"minecraft:stone_pickaxe":1,"minecraft:spruce_boat":2,"minecraft:stone_hoe":1,"minecraft:wheat":9},"minecraft:used":{"minecraft:rabbit":1,"minecraft:stone_shovel":9,"minecraft:stone_pickaxe":63,"minecraft:dried_kelp":5,"minecraft:spruce_planks":26,"minecraft:wooden_pickaxe":3,"minecraft:sugar_cane":2,"minecraft:stone_hoe":14,"minecraft:rotten_flesh":3,"minecraft:dirt":2,"minecraft:crafting_table":5,"minecraft:campfire":1,"minecraft:spruce_boat":6,"minecraft:iron_axe":18,"minecraft:bread":2,"minecraft:stone_axe":54,"minecraft:cobblestone":10,"minecraft:furnace":1,"minecraft:cooked_porkchop":2,"minecraft:yellow_bed":1,"alexsmobs:animal_dictionary":2,"minecraft:cooked_beef":1}},"DataVersion":3465}