{"stats":{"minecraft:custom":{"minecraft:interact_with_furnace":7,"minecraft:mob_kills":9,"minecraft:interact_with_crafting_table":9,"minecraft:interact_with_campfire":4,"minecraft:leave_game":4,"minecraft:time_since_death":16328,"minecraft:time_since_rest":16353,"minecraft:sprint_one_cm":80734,"minecraft:damage_taken":396,"minecraft:walk_one_cm":120640,"minecraft:drop":6,"minecraft:damage_dealt":1391,"minecraft:swim_one_cm":21598,"minecraft:fly_one_cm":104261,"minecraft:open_chest":1,"minecraft:crouch_one_cm":346,"minecraft:play_time":34193,"minecraft:deaths":1,"minecraft:sneak_time":173,"minecraft:walk_under_water_one_cm":10919,"minecraft:boat_one_cm":100,"minecraft:jump":605,"minecraft:walk_on_water_one_cm":13284,"minecraft:total_world_time":34193,"minecraft:fall_one_cm":14102},"minecraft:picked_up":{"minecraft:crafting_table":1,"minecraft:cooked_beef":1,"minecraft:leather":2,"minecraft:dirt":4,"minecraft:kelp":95,"minecraft:rabbit_hide":2,"minecraft:beef":2,"minecraft:rabbit":2,"minecraft:stick":1,"minecraft:porkchop":3,"minecraft:dried_kelp":4,"minecraft:spruce_log":44,"minecraft:rabbit_foot":1,"alexsmobs:animal_dictionary":1,"minecraft:rotten_flesh":4,"minecraft:spruce_boat":4,"minecraft:netherrack":1,"minecraft:coal":23,"minecraft:cobblestone":34},"minecraft:killed":{"minecraft:pig":1,"minecraft:rabbit":1,"minecraft:zombie":4,"minecraft:drowned":1,"alexsmobs:skelewag":1,"minecraft:cow":1},"minecraft:mined":{"minecraft:kelp_plant":59,"minecraft:powder_snow":41,"minecraft:crafting_table":1,"minecraft:grass_block":3,"minecraft:spruce_leaves":6,"minecraft:kelp":5,"minecraft:large_fern":1,"minecraft:ice":8,"minecraft:spruce_log":41,"minecraft:grass":5,"minecraft:coal_ore":23,"minecraft:dirt":2,"minecraft:stone":34},"minecraft:dropped":{"minecraft:cooked_porkchop":1,"minecraft:rabbit_foot":1,"minecraft:dried_kelp":4,"minecraft:beef":2,"minecraft:netherrack":1},"minecraft:killed_by":{"minecraft:zombie":1},"minecraft:crafted":{"minecraft:cooked_porkchop":3,"minecraft:crafting_table":4,"minecraft:spruce_planks":76,"minecraft:dried_kelp":5,"minecraft:wooden_pickaxe":1,"minecraft:furnace":2,"minecraft:campfire":1,"minecraft:stone_axe":1,"minecraft:air":0,"minecraft:iron_axe":1,"minecraft:stick":16,"minecraft:iron_ingot":3,"minecraft:stone_pickaxe":1,"minecraft:spruce_boat":2},"minecraft:used":{"minecraft:rabbit":1,"minecraft:stone_pickaxe":55,"minecraft:dried_kelp":5,"minecraft:spruce_planks":26,"minecraft:wooden_pickaxe":3,"minecraft:rotten_flesh":3,"minecraft:dirt":2,"minecraft:crafting_table":4,"minecraft:campfire":1,"minecraft:spruce_boat":5,"minecraft:iron_axe":18,"minecraft:stone_axe":41,"minecraft:cobblestone":10,"minecraft:furnace":1,"minecraft:cooked_porkchop":2,"alexsmobs:animal_dictionary":2,"minecraft:cooked_beef":1}},"DataVersion":3465}