{"stats":{"minecraft:used":{"minecraft:spruce_planks":8,"minecraft:dirt":1},"minecraft:crafted":{"minecraft:spruce_planks":8},"minecraft:mined":{"minecraft:grass":4,"minecraft:grass_block":1,"minecraft:spruce_log":3},"minecraft:picked_up":{"minecraft:spruce_log":2,"minecraft:dirt":1},"minecraft:custom":{"minecraft:jump":31,"minecraft:time_since_rest":1530,"minecraft:damage_taken":20,"minecraft:leave_game":2,"minecraft:play_time":1530,"minecraft:sprint_one_cm":6159,"minecraft:time_since_death":1530,"minecraft:walk_one_cm":2240,"minecraft:sneak_time":9,"minecraft:total_world_time":1530,"minecraft:fall_one_cm":1796,"minecraft:fly_one_cm":9115}},"DataVersion":3465}